scientificname;yeareventdate;montheventdate;dayeventdate;stateprovince;county;municipality;minimumelevationinmeters;decimallatitude;decimalLongitude
Lopinga achine (Scopoli, 1763);2012.000000;7.000000;10.000000;Álava;Arabako Kantaurialdea / Cantábrica Alavesa;Amurrio;594.000000;43.053100;-2.998600
Lopinga achine (Scopoli, 1763);2012.000000;7.000000;19.000000;Álava;Arabako Kantaurialdea / Cantábrica Alavesa;Amurrio;594.000000;43.053100;-2.998600
Lopinga achine (Scopoli, 1763);2012.000000;7.000000;19.000000;Bizkaia;Arratia-Nerbioi / Arratia-Nervión;Urduña/Orduña;542.000000;43.046700;-3.008600
Lopinga achine (Scopoli, 1763);2012.000000;7.000000;23.000000;Álava;Arabako Kantaurialdea / Cantábrica Alavesa;Amurrio;830.000000;43.053100;-2.998600
Lopinga achine (Scopoli, 1763);2013.000000;7.000000;14.000000;Bizkaia;Arratia-Nerbioi / Arratia-Nervión;Urduña/Orduña;565.000000;43.046700;-3.008600
Lopinga achine (Scopoli, 1763);2013.000000;7.000000;14.000000;Bizkaia;Arratia-Nerbioi / Arratia-Nervión;Urduña/Orduña;860.000000;43.046700;-3.008600
Lopinga achine (Scopoli, 1763);2013.000000;7.000000;25.000000;Bizkaia;Arratia-Nerbioi / Arratia-Nervión;Urduña/Orduña;835.000000;43.046700;-3.008600
Lopinga achine (Scopoli, 1763);2013.000000;7.000000;25.000000;Bizkaia;Arratia-Nerbioi / Arratia-Nervión;Urduña/Orduña;921.000000;43.046700;-3.008600
Lopinga achine (Scopoli, 1763);2013.000000;7.000000;25.000000;Bizkaia;Arratia-Nerbioi / Arratia-Nervión;Urduña/Orduña;782.000000;43.046700;-3.008600
Lopinga achine (Scopoli, 1763);2013.000000;7.000000;28.000000;Bizkaia;Arratia-Nerbioi / Arratia-Nervión;Urduña/Orduña;791.000000;43.046700;-3.008600
Lopinga achine (Scopoli, 1763);2013.000000;7.000000;28.000000;Bizkaia;Arratia-Nerbioi / Arratia-Nervión;Urduña/Orduña;770.000000;43.046700;-3.008600
Lopinga achine (Scopoli, 1763);2013.000000;7.000000;28.000000;Bizkaia;Arratia-Nerbioi / Arratia-Nervión;Urduña/Orduña;554.000000;43.046700;-3.008600
Lopinga achine (Scopoli, 1763);2014.000000;7.000000;17.000000;Bizkaia;Arratia-Nerbioi / Arratia-Nervión;Urduña/Orduña;540.000000;43.046700;-3.008600
Lopinga achine (Scopoli, 1763);2014.000000;7.000000;22.000000;Bizkaia;Arratia-Nerbioi / Arratia-Nervión;Urduña/Orduña;910.000000;43.046700;-3.008600
Lopinga achine (Scopoli, 1763);2014.000000;7.000000;28.000000;Bizkaia;Arratia-Nerbioi / Arratia-Nervión;Urduña/Orduña;540.000000;43.046700;-3.008600
Lopinga achine (Scopoli, 1763);2014.000000;7.000000;28.000000;Bizkaia;Arratia-Nerbioi / Arratia-Nervión;Urduña/Orduña;540.000000;43.046700;-3.008600
Lopinga achine (Scopoli, 1763);2014.000000;7.000000;13.000000;Bizkaia;Arratia-Nerbioi / Arratia-Nervión;Urduña/Orduña;794.000000;43.046700;-3.008600
Lopinga achine (Scopoli, 1763);2014.000000;7.000000;13.000000;Bizkaia;Arratia-Nerbioi / Arratia-Nervión;Urduña/Orduña;835.000000;43.046700;-3.008600
Lopinga achine (Scopoli, 1763);2014.000000;7.000000;13.000000;Bizkaia;Arratia-Nerbioi / Arratia-Nervión;Urduña/Orduña;835.000000;43.046700;-3.008600
Lopinga achine (Scopoli, 1763);2014.000000;7.000000;13.000000;Bizkaia;Arratia-Nerbioi / Arratia-Nervión;Urduña/Orduña;835.000000;43.046700;-3.008600
Lopinga achine (Scopoli, 1763);2014.000000;7.000000;13.000000;Bizkaia;Arratia-Nerbioi / Arratia-Nervión;Urduña/Orduña;835.000000;43.046700;-3.008600
Lopinga achine (Scopoli, 1763);2014.000000;7.000000;13.000000;Bizkaia;Arratia-Nerbioi / Arratia-Nervión;Urduña/Orduña;856.000000;43.046700;-3.008600
Lopinga achine (Scopoli, 1763);2014.000000;7.000000;13.000000;Bizkaia;Arratia-Nerbioi / Arratia-Nervión;Urduña/Orduña;574.000000;43.046700;-3.008600
Lopinga achine (Scopoli, 1763);1969.000000;7.000000;10.000000;Bizkaia;Arratia-Nerbioi / Arratia-Nervión;Urduña/Orduña;;43.046700;-3.008600
Lopinga achine (Scopoli, 1763);1962.000000;7.000000;17.000000;Bizkaia;Arratia-Nerbioi / Arratia-Nervión;Urduña/Orduña;;43.046700;-3.008600
Lopinga achine (Scopoli, 1763);1969.000000;7.000000;10.000000;Bizkaia;Arratia-Nerbioi / Arratia-Nervión;Urduña/Orduña;800.000000;43.046700;-3.008600
Lopinga achine (Scopoli, 1763);1983.000000;7.000000;10.000000;Bizkaia;Arratia-Nerbioi / Arratia-Nervión;Urduña/Orduña;937.000000;43.046700;-3.008600
Lopinga achine (Scopoli, 1763);1970.000000;7.000000;;Bizkaia;Arratia-Nerbioi / Arratia-Nervión;Urduña/Orduña;;43.046700;-3.008600
Lopinga achine (Scopoli, 1763);1983.000000;7.000000;20.000000;Bizkaia;Arratia-Nerbioi / Arratia-Nervión;Urduña/Orduña;937.000000;43.046700;-3.008600
Lopinga achine (Scopoli, 1763);2017.000000;6.000000;2.000000;Álava;Arabako Lautada / Llanada Alavesa;Vitoria-Gasteiz;765.000000;42.846700;-2.672700
Lopinga achine (Scopoli, 1763);2017.000000;6.000000;7.000000;Álava;Arabako Lautada / Llanada Alavesa;Vitoria-Gasteiz;650.000000;42.846700;-2.672700
Parnassius apollo (Linnaeus, 1758);1973.000000;7.000000;24.000000;Álava;Arabako Mendialdea / Montaña Alavesa;Arraia-Maeztu;750.000000;42.757500;-2.454700
Parnassius apollo (Linnaeus, 1758);1973.000000;7.000000;3.000000;Álava;Arabako Mendialdea / Montaña Alavesa;Arraia-Maeztu;750.000000;42.757500;-2.454700
Parnassius apollo (Linnaeus, 1758);1985.000000;8.000000;11.000000;Álava;Arabako Lautada / Llanada Alavesa;Agurain/Salvatierra;950.000000;42.852400;-2.389400
Parnassius apollo (Linnaeus, 1758);1969.000000;8.000000;19.000000;Álava;Arabako Mendialdea / Montaña Alavesa;Arraia-Maeztu;1055.000000;42.757500;-2.454700
Parnassius apollo (Linnaeus, 1758);1967.000000;7.000000;25.000000;Álava;Arabako Mendialdea / Montaña Alavesa;Arraia-Maeztu;1055.000000;42.757500;-2.454700
Parnassius apollo (Linnaeus, 1758);1970.000000;8.000000;;Álava;Arabako Mendialdea / Montaña Alavesa;Arraia-Maeztu;1055.000000;42.757500;-2.454700
Parnassius apollo (Linnaeus, 1758);2014.000000;8.000000;17.000000;Álava;Arabako Errioxa / Rioja Alavesa;Laguardia;1203.000000;42.554700;-2.619700
Parnassius apollo (Linnaeus, 1758);2013.000000;9.000000;1.000000;Álava;Arabako Errioxa / Rioja Alavesa;Laguardia;1333.000000;42.554700;-2.619700
Parnassius apollo (Linnaeus, 1758);2017.000000;7.000000;29.000000;Álava;Arabako Lautada / Llanada Alavesa;Asparrena;1422.000000;42.895800;-2.321900
Parnassius apollo (Linnaeus, 1758);2013.000000;9.000000;1.000000;Álava;Arabako Mendialdea / Montaña Alavesa;Bernedo;1333.000000;42.626700;-2.497500
Parnassius apollo (Linnaeus, 1758);2014.000000;8.000000;10.000000;Álava;Arabako Mendialdea / Montaña Alavesa;Lagrán;1340.000000;42.626400;-2.583900
Parnassius apollo (Linnaeus, 1758);1970.000000;7.000000;;Bizkaia;Arratia-Nerbioi / Arratia-Nervión;Urduña/Orduña;900.000000;43.046700;-3.008600
Parnassius apollo (Linnaeus, 1758);1970.000000;7.000000;;Bizkaia;Arratia-Nerbioi / Arratia-Nervión;Urduña/Orduña;900.000000;43.046700;-3.008600
Parnassius apollo (Linnaeus, 1758);2017.000000;7.000000;1.000000;Gipuzkoa;Debagoiena / Alto Deba;Oñati;1081.000000;43.032600;-2.411100
Parnassius apollo (Linnaeus, 1758);2015.000000;7.000000;12.000000;Gipuzkoa;Debagoiena / Alto Deba;Oñati;1254.000000;43.032600;-2.411100
Parnassius apollo (Linnaeus, 1758);1976.000000;7.000000;30.000000;Álava;Añana;Kuartango;605.000000;42.871400;-2.885600
Parnassius apollo (Linnaeus, 1758);1977.000000;7.000000;24.000000;Álava;Arabako Mendialdea / Montaña Alavesa;Arraia-Maeztu;850.000000;42.757500;-2.454700
Parnassius apollo (Linnaeus, 1758);1977.000000;8.000000;24.000000;Álava;Arabako Mendialdea / Montaña Alavesa;Arraia-Maeztu;850.000000;42.757500;-2.454700
Eriogaster catax Linnaeus, 1758;2018.000000;4.000000;30.000000;Álava;Arabako Lautada / Llanada Alavesa;Vitoria-Gasteiz;641.000000;42.846700;-2.672700
Eriogaster catax Linnaeus, 1758;2018.000000;5.000000;6.000000;Álava;Gorbeialdea / Estribaciones del Gorbea;Urkabustaiz;676.000000;42.972200;-2.921700
Eriogaster catax Linnaeus, 1758;2018.000000;5.000000;19.000000;Álava;Añana;Valdegovía/Gaubea;702.000000;42.848100;-3.098600
Eriogaster catax Linnaeus, 1758;2018.000000;5.000000;11.000000;Álava;Arabako Lautada / Llanada Alavesa;Alegría-Dulantzi;585.000000;42.840100;-2.512700
Eriogaster catax Linnaeus, 1758;2016.000000;6.000000;4.000000;Álava;Gorbeialdea / Estribaciones del Gorbea;Zigoitia;560.000000;42.967800;-2.717800
Eriogaster catax Linnaeus, 1758;2017.000000;4.000000;15.000000;Álava;Gorbeialdea / Estribaciones del Gorbea;Zigoitia;560.000000;42.967800;-2.717800
Eriogaster catax Linnaeus, 1758;2018.000000;5.000000;6.000000;Álava;Arabako Lautada / Llanada Alavesa;Vitoria-Gasteiz;525.000000;42.846700;-2.672700
Eriogaster catax Linnaeus, 1758;2018.000000;6.000000;20.000000;Álava;Gorbeialdea / Estribaciones del Gorbea;Zuia;818.000000;42.981900;-2.843000
Eriogaster catax Linnaeus, 1758;2019.000000;4.000000;27.000000;Álava;Arabako Lautada / Llanada Alavesa;Elburgo/Burgelu;627.000000;42.849700;-2.545600
Eriogaster catax Linnaeus, 1758;2019.000000;5.000000;12.000000;Álava;Arabako Lautada / Llanada Alavesa;Elburgo/Burgelu;627.000000;42.849700;-2.545600
Eriogaster catax Linnaeus, 1758;2021.000000;5.000000;13.000000;Álava;Añana;Valdegovía/Gaubea;749.000000;42.848100;-3.098600
Eriogaster catax Linnaeus, 1758;2017.000000;4.000000;16.000000;Álava;Gorbeialdea / Estribaciones del Gorbea;Zuia;700.000000;42.981900;-2.843000
Eriogaster catax Linnaeus, 1758;2018.000000;5.000000;5.000000;Álava;Arabako Lautada / Llanada Alavesa;Asparrena;627.000000;42.895800;-2.321900
Parnassius apollo (Linnaeus, 1758);1987.000000;7.000000;15.000000;Álava;Arabako Mendialdea / Montaña Alavesa;Lagrán;843.000000;42.626400;-2.583900
Parnassius apollo (Linnaeus, 1758);1977.000000;7.000000;24.000000;Álava;Arabako Mendialdea / Montaña Alavesa;Arraia-Maeztu;957.000000;42.757500;-2.454700
Parnassius apollo (Linnaeus, 1758);1977.000000;8.000000;16.000000;Álava;Arabako Mendialdea / Montaña Alavesa;Arraia-Maeztu;957.000000;42.757500;-2.454700
Parnassius apollo (Linnaeus, 1758);1978.000000;8.000000;15.000000;Álava;Arabako Mendialdea / Montaña Alavesa;Arraia-Maeztu;957.000000;42.757500;-2.454700
Parnassius apollo (Linnaeus, 1758);1979.000000;7.000000;29.000000;Álava;Arabako Mendialdea / Montaña Alavesa;Arraia-Maeztu;957.000000;42.757500;-2.454700
Parnassius apollo (Linnaeus, 1758);1985.000000;7.000000;16.000000;Álava;Arabako Mendialdea / Montaña Alavesa;Arraia-Maeztu;957.000000;42.757500;-2.454700
Parnassius apollo (Linnaeus, 1758);1986.000000;8.000000;3.000000;Álava;Añana;Kuartango;631.000000;42.871400;-2.885600
Proserpinus proserpina Pallas, 1772;1985.000000;5.000000;29.000000;Álava;Arabako Lautada / Llanada Alavesa;Vitoria-Gasteiz;515.000000;42.846700;-2.672700
Eriogaster catax Linnaeus, 1758;2021.000000;4.000000;29.000000;Álava;Arabako Lautada / Llanada Alavesa;Vitoria-Gasteiz;716.000000;42.846700;-2.672700
Eriogaster catax Linnaeus, 1758;2018.000000;4.000000;28.000000;Álava;Arabako Lautada / Llanada Alavesa;Barrundia;650.000000;42.916700;-2.491700
Eriogaster catax Linnaeus, 1758;2019.000000;5.000000;1.000000;Álava;Gorbeialdea / Estribaciones del Gorbea;Zigoitia;575.000000;42.967800;-2.717800
Eriogaster catax Linnaeus, 1758;2018.000000;5.000000;5.000000;Álava;Arabako Lautada / Llanada Alavesa;San Millán/Donemiliaga;707.000000;42.873600;-2.375800
Eriogaster catax Linnaeus, 1758;2018.000000;4.000000;28.000000;Álava;Arabako Lautada / Llanada Alavesa;Barrundia;690.000000;42.916700;-2.491700
Eriogaster catax Linnaeus, 1758;2018.000000;5.000000;20.000000;Álava;Añana;Kuartango;720.000000;42.871400;-2.885600
Eriogaster catax Linnaeus, 1758;2018.000000;4.000000;28.000000;Álava;Arabako Lautada / Llanada Alavesa;Barrundia;620.000000;42.916700;-2.491700
Eriogaster catax Linnaeus, 1758;2018.000000;5.000000;12.000000;Álava;Arabako Mendialdea / Montaña Alavesa;Harana/Valle de Arana;771.000000;42.756700;-2.321900
Eriogaster catax Linnaeus, 1758;2018.000000;6.000000;2.000000;Álava;Arabako Mendialdea / Montaña Alavesa;Harana/Valle de Arana;771.000000;42.756700;-2.321900
Eriogaster catax Linnaeus, 1758;2018.000000;5.000000;13.000000;Álava;Arabako Mendialdea / Montaña Alavesa;Lagrán;770.000000;42.626400;-2.583900
Eriogaster catax Linnaeus, 1758;2017.000000;4.000000;15.000000;Álava;Gorbeialdea / Estribaciones del Gorbea;Zigoitia;555.000000;42.967800;-2.717800
Eriogaster catax Linnaeus, 1758;2019.000000;5.000000;12.000000;Álava;Arabako Lautada / Llanada Alavesa;Barrundia;632.000000;42.916700;-2.491700
Eriogaster catax Linnaeus, 1758;2018.000000;5.000000;13.000000;Álava;Añana;Valdegovía/Gaubea;789.000000;42.848100;-3.098600
Eriogaster catax Linnaeus, 1758;2018.000000;4.000000;30.000000;Álava;Arabako Lautada / Llanada Alavesa;Vitoria-Gasteiz;659.000000;42.846700;-2.672700
Eriogaster catax Linnaeus, 1758;2018.000000;5.000000;11.000000;Álava;Arabako Mendialdea / Montaña Alavesa;Peñacerrada-Urizaharra;1008.000000;42.644200;-2.713300
Eriogaster catax Linnaeus, 1758;2019.000000;5.000000;4.000000;Álava;Arabako Lautada / Llanada Alavesa;San Millán/Donemiliaga;627.000000;42.873600;-2.375800
Eriogaster catax Linnaeus, 1758;2017.000000;4.000000;23.000000;Álava;Arabako Mendialdea / Montaña Alavesa;Arraia-Maeztu;850.000000;42.757500;-2.454700
Eriogaster catax Linnaeus, 1758;2018.000000;5.000000;1.000000;Álava;Arabako Lautada / Llanada Alavesa;San Millán/Donemiliaga;695.000000;42.873600;-2.375800
Eriogaster catax Linnaeus, 1758;2019.000000;4.000000;28.000000;Álava;Gorbeialdea / Estribaciones del Gorbea;Zigoitia;600.000000;42.967800;-2.717800
Eriogaster catax Linnaeus, 1758;2018.000000;5.000000;27.000000;Álava;Gorbeialdea / Estribaciones del Gorbea;Urkabustaiz;740.000000;42.972200;-2.921700
Eriogaster catax Linnaeus, 1758;2018.000000;5.000000;6.000000;Álava;Arabako Lautada / Llanada Alavesa;Agurain/Salvatierra;827.000000;42.852400;-2.389400
Proserpinus proserpina Pallas, 1772;2016.000000;7.000000;3.000000;Álava;Arabako Lautada / Llanada Alavesa;Vitoria-Gasteiz;513.000000;42.846700;-2.672700
Proserpinus proserpina Pallas, 1772;1988.000000;5.000000;30.000000;Álava;Arabako Lautada / Llanada Alavesa;Vitoria-Gasteiz;520.000000;42.846700;-2.672700
Proserpinus proserpina Pallas, 1772;2021.000000;5.000000;15.000000;Álava;Arabako Errioxa / Rioja Alavesa;Elciego;;42.515300;-2.618600
Proserpinus proserpina Pallas, 1772;2018.000000;5.000000;18.000000;Álava;Arabako Lautada / Llanada Alavesa;Vitoria-Gasteiz;523.000000;42.846700;-2.672700
Eriogaster catax Linnaeus, 1758;2019.000000;5.000000;1.000000;Álava;Arabako Mendialdea / Montaña Alavesa;Campezo/Kanpezu;795.000000;42.672200;-2.366700
Eriogaster catax Linnaeus, 1758;2018.000000;5.000000;13.000000;Álava;Arabako Mendialdea / Montaña Alavesa;Lagrán;871.000000;42.626400;-2.583900
Eriogaster catax Linnaeus, 1758;2018.000000;5.000000;1.000000;Álava;Arabako Lautada / Llanada Alavesa;Vitoria-Gasteiz;547.000000;42.846700;-2.672700
Eriogaster catax Linnaeus, 1758;2018.000000;5.000000;20.000000;Álava;Añana;Valdegovía/Gaubea;807.000000;42.848100;-3.098600
Eriogaster catax Linnaeus, 1758;2017.000000;4.000000;15.000000;Álava;Gorbeialdea / Estribaciones del Gorbea;Zigoitia;660.000000;42.967800;-2.717800
Eriogaster catax Linnaeus, 1758;2017.000000;4.000000;17.000000;Álava;Gorbeialdea / Estribaciones del Gorbea;Zigoitia;660.000000;42.967800;-2.717800
Eriogaster catax Linnaeus, 1758;2017.000000;12.000000;31.000000;Álava;Gorbeialdea / Estribaciones del Gorbea;Zigoitia;660.000000;42.967800;-2.717800
Eriogaster catax Linnaeus, 1758;2018.000000;3.000000;11.000000;Álava;Gorbeialdea / Estribaciones del Gorbea;Zigoitia;660.000000;42.967800;-2.717800
Eriogaster catax Linnaeus, 1758;2018.000000;3.000000;25.000000;Álava;Gorbeialdea / Estribaciones del Gorbea;Zigoitia;660.000000;42.967800;-2.717800
Eriogaster catax Linnaeus, 1758;2018.000000;4.000000;21.000000;Álava;Gorbeialdea / Estribaciones del Gorbea;Zigoitia;660.000000;42.967800;-2.717800
Eriogaster catax Linnaeus, 1758;2018.000000;4.000000;28.000000;Álava;Gorbeialdea / Estribaciones del Gorbea;Zigoitia;660.000000;42.967800;-2.717800
Eriogaster catax Linnaeus, 1758;2019.000000;4.000000;28.000000;Álava;Gorbeialdea / Estribaciones del Gorbea;Zigoitia;660.000000;42.967800;-2.717800
Eriogaster catax Linnaeus, 1758;2020.000000;1.000000;11.000000;Álava;Gorbeialdea / Estribaciones del Gorbea;Zigoitia;660.000000;42.967800;-2.717800
Eriogaster catax Linnaeus, 1758;2017.000000;4.000000;16.000000;Álava;Gorbeialdea / Estribaciones del Gorbea;Zuia;700.000000;42.981900;-2.843000
Eriogaster catax Linnaeus, 1758;2010.000000;4.000000;16.000000;Álava;Gorbeialdea / Estribaciones del Gorbea;Zigoitia;670.000000;42.967800;-2.717800
Eriogaster catax Linnaeus, 1758;2016.000000;5.000000;13.000000;Álava;Arabako Lautada / Llanada Alavesa;Vitoria-Gasteiz;588.000000;42.846700;-2.672700
Eriogaster catax Linnaeus, 1758;2017.000000;4.000000;8.000000;Álava;Arabako Lautada / Llanada Alavesa;Vitoria-Gasteiz;588.000000;42.846700;-2.672700
Eriogaster catax Linnaeus, 1758;2017.000000;4.000000;17.000000;Álava;Arabako Lautada / Llanada Alavesa;Vitoria-Gasteiz;588.000000;42.846700;-2.672700
Euphydryas aurinia (Rottemburg, 1775);1977.000000;6.000000;14.000000;Álava;Añana;Erriberagoitia/Ribera Alta;674.000000;42.828100;-2.416700
Euphydryas aurinia (Rottemburg, 1775);1989.000000;5.000000;28.000000;Álava;Añana;Zambrana;578.000000;42.660000;-2.879200
Euphydryas aurinia (Rottemburg, 1775);1976.000000;6.000000;13.000000;Álava;Arabako Lautada / Llanada Alavesa;Vitoria-Gasteiz;580.000000;42.846700;-2.672700
Euphydryas aurinia (Rottemburg, 1775);1976.000000;6.000000;16.000000;Álava;Arabako Lautada / Llanada Alavesa;Vitoria-Gasteiz;580.000000;42.846700;-2.672700
Euphydryas aurinia (Rottemburg, 1775);1977.000000;6.000000;15.000000;Álava;Arabako Lautada / Llanada Alavesa;Vitoria-Gasteiz;580.000000;42.846700;-2.672700
Euphydryas aurinia (Rottemburg, 1775);1978.000000;6.000000;3.000000;Álava;Arabako Lautada / Llanada Alavesa;Vitoria-Gasteiz;517.000000;42.846700;-2.672700
Euphydryas aurinia (Rottemburg, 1775);1987.000000;6.000000;27.000000;Álava;Arabako Lautada / Llanada Alavesa;Barrundia;564.000000;42.916700;-2.491700
Euphydryas aurinia (Rottemburg, 1775);1978.000000;6.000000;16.000000;Álava;Arabako Lautada / Llanada Alavesa;Barrundia;551.000000;42.916700;-2.491700
Euphydryas aurinia (Rottemburg, 1775);1982.000000;5.000000;20.000000;Álava;Arabako Lautada / Llanada Alavesa;Vitoria-Gasteiz;527.000000;42.846700;-2.672700
Euphydryas aurinia (Rottemburg, 1775);1985.000000;5.000000;25.000000;Álava;Arabako Lautada / Llanada Alavesa;Vitoria-Gasteiz;527.000000;42.846700;-2.672700
Euphydryas aurinia (Rottemburg, 1775);1985.000000;6.000000;1.000000;Álava;Arabako Lautada / Llanada Alavesa;Vitoria-Gasteiz;527.000000;42.846700;-2.672700
Euphydryas aurinia (Rottemburg, 1775);1986.000000;6.000000;8.000000;Álava;Arabako Lautada / Llanada Alavesa;Vitoria-Gasteiz;527.000000;42.846700;-2.672700
Euphydryas aurinia (Rottemburg, 1775);1987.000000;5.000000;9.000000;Álava;Arabako Lautada / Llanada Alavesa;Vitoria-Gasteiz;527.000000;42.846700;-2.672700
Euphydryas aurinia (Rottemburg, 1775);1987.000000;6.000000;6.000000;Álava;Arabako Lautada / Llanada Alavesa;Vitoria-Gasteiz;527.000000;42.846700;-2.672700
Euphydryas aurinia (Rottemburg, 1775);1988.000000;6.000000;22.000000;Álava;Arabako Lautada / Llanada Alavesa;Vitoria-Gasteiz;527.000000;42.846700;-2.672700
Euphydryas aurinia (Rottemburg, 1775);1990.000000;6.000000;3.000000;Álava;Arabako Lautada / Llanada Alavesa;Vitoria-Gasteiz;527.000000;42.846700;-2.672700
Euphydryas aurinia (Rottemburg, 1775);1981.000000;6.000000;6.000000;Álava;Arabako Mendialdea / Montaña Alavesa;Arraia-Maeztu;850.000000;42.757500;-2.454700
Euphydryas aurinia (Rottemburg, 1775);1973.000000;6.000000;12.000000;Álava;Arabako Lautada / Llanada Alavesa;Iruña Oka/Iruña de Oca;500.000000;42.813900;-2.803600
Phengaris arion (Linnaeus, 1758);2010.000000;7.000000;26.000000;Álava;Arabako Kantaurialdea / Cantábrica Alavesa;Amurrio;830.000000;43.053100;-2.998600
Phengaris arion (Linnaeus, 1758);1999.000000;7.000000;25.000000;Álava;Arabako Mendialdea / Montaña Alavesa;Peñacerrada-Urizaharra;650.000000;42.644200;-2.713300
Phengaris arion (Linnaeus, 1758);2001.000000;7.000000;8.000000;Álava;Arabako Mendialdea / Montaña Alavesa;Peñacerrada-Urizaharra;650.000000;42.644200;-2.713300
Phengaris arion (Linnaeus, 1758);2001.000000;7.000000;8.000000;Álava;Arabako Mendialdea / Montaña Alavesa;Peñacerrada-Urizaharra;900.000000;42.644200;-2.713300
Phengaris arion (Linnaeus, 1758);2000.000000;6.000000;25.000000;Álava;Añana;Zambrana;600.000000;42.660000;-2.879200
Phengaris arion (Linnaeus, 1758);2001.000000;7.000000;7.000000;Álava;Arabako Kantaurialdea / Cantábrica Alavesa;Ayala/Aiara;350.000000;43.050000;-3.066700
Phengaris arion (Linnaeus, 1758);2001.000000;7.000000;22.000000;Álava;Arabako Kantaurialdea / Cantábrica Alavesa;Ayala/Aiara;350.000000;43.050000;-3.066700
Phengaris arion (Linnaeus, 1758);2001.000000;7.000000;7.000000;Álava;Arabako Kantaurialdea / Cantábrica Alavesa;Ayala/Aiara;200.000000;43.050000;-3.066700
Phengaris arion (Linnaeus, 1758);1992.000000;7.000000;4.000000;Álava;Añana;Lantarón;600.000000;42.756900;-2.983300
Phengaris arion (Linnaeus, 1758);1992.000000;7.000000;12.000000;Álava;Añana;Valdegovía/Gaubea;720.000000;42.848100;-3.098600
Phengaris arion (Linnaeus, 1758);1998.000000;7.000000;12.000000;Álava;Gorbeialdea / Estribaciones del Gorbea;Urkabustaiz;650.000000;42.972200;-2.921700
Phengaris arion (Linnaeus, 1758);1999.000000;7.000000;10.000000;Álava;Gorbeialdea / Estribaciones del Gorbea;Urkabustaiz;650.000000;42.972200;-2.921700
Phengaris arion (Linnaeus, 1758);1998.000000;7.000000;12.000000;Álava;Añana;Kuartango;580.000000;42.871400;-2.885600
Euphydryas aurinia (Rottemburg, 1775);1974.000000;6.000000;15.000000;Álava;Gorbeialdea / Estribaciones del Gorbea;Urkabustaiz;634.000000;42.972200;-2.921700
Euphydryas aurinia (Rottemburg, 1775);1975.000000;6.000000;27.000000;Álava;Gorbeialdea / Estribaciones del Gorbea;Urkabustaiz;907.000000;42.972200;-2.921700
Euphydryas aurinia (Rottemburg, 1775);1976.000000;6.000000;23.000000;Álava;Arabako Errioxa / Rioja Alavesa;Laguardia;635.000000;42.554700;-2.619700
Euphydryas aurinia (Rottemburg, 1775);1976.000000;5.000000;23.000000;Álava;Arabako Errioxa / Rioja Alavesa;Lapuebla de Labarca;429.000000;42.493100;-2.571400
Euphydryas aurinia (Rottemburg, 1775);1976.000000;6.000000;6.000000;Álava;Arabako Lautada / Llanada Alavesa;Arratzua-Ubarrundia;518.000000;42.890300;-2.639200
Euphydryas aurinia (Rottemburg, 1775);1981.000000;6.000000;8.000000;Álava;Arabako Lautada / Llanada Alavesa;Arratzua-Ubarrundia;518.000000;42.890300;-2.639200
Euphydryas aurinia (Rottemburg, 1775);1978.000000;6.000000;4.000000;Álava;Arabako Lautada / Llanada Alavesa;Iruña Oka/Iruña de Oca;624.000000;42.813900;-2.803600
Euphydryas aurinia (Rottemburg, 1775);1992.000000;5.000000;24.000000;Álava;Arabako Lautada / Llanada Alavesa;Iruña Oka/Iruña de Oca;624.000000;42.813900;-2.803600
Euphydryas aurinia (Rottemburg, 1775);1974.000000;5.000000;21.000000;Álava;Arabako Lautada / Llanada Alavesa;Iruña Oka/Iruña de Oca;498.000000;42.813900;-2.803600
Euphydryas aurinia (Rottemburg, 1775);1974.000000;5.000000;29.000000;Álava;Arabako Lautada / Llanada Alavesa;Iruña Oka/Iruña de Oca;498.000000;42.813900;-2.803600
Euphydryas aurinia (Rottemburg, 1775);1975.000000;6.000000;14.000000;Álava;Arabako Lautada / Llanada Alavesa;Iruña Oka/Iruña de Oca;498.000000;42.813900;-2.803600
Euphydryas aurinia (Rottemburg, 1775);1982.000000;6.000000;23.000000;Álava;Arabako Lautada / Llanada Alavesa;Iruña Oka/Iruña de Oca;498.000000;42.813900;-2.803600
Euphydryas aurinia (Rottemburg, 1775);1987.000000;6.000000;9.000000;Álava;Arabako Lautada / Llanada Alavesa;Iruña Oka/Iruña de Oca;498.000000;42.813900;-2.803600
Euphydryas aurinia (Rottemburg, 1775);1989.000000;5.000000;26.000000;Álava;Arabako Lautada / Llanada Alavesa;Iruña Oka/Iruña de Oca;498.000000;42.813900;-2.803600
Euphydryas aurinia (Rottemburg, 1775);1993.000000;5.000000;6.000000;Álava;Arabako Lautada / Llanada Alavesa;Iruña Oka/Iruña de Oca;498.000000;42.813900;-2.803600
Euphydryas aurinia (Rottemburg, 1775);1979.000000;6.000000;17.000000;Álava;Arabako Lautada / Llanada Alavesa;Iruña Oka/Iruña de Oca;539.000000;42.813900;-2.803600
Euphydryas aurinia (Rottemburg, 1775);1981.000000;5.000000;30.000000;Álava;Arabako Lautada / Llanada Alavesa;Iruña Oka/Iruña de Oca;539.000000;42.813900;-2.803600
Euphydryas aurinia (Rottemburg, 1775);1986.000000;6.000000;8.000000;Álava;Arabako Lautada / Llanada Alavesa;Iruña Oka/Iruña de Oca;539.000000;42.813900;-2.803600
Euphydryas aurinia (Rottemburg, 1775);1980.000000;6.000000;28.000000;Álava;Arabako Lautada / Llanada Alavesa;Vitoria-Gasteiz;527.000000;42.846700;-2.672700
Euphydryas aurinia (Rottemburg, 1775);1981.000000;5.000000;5.000000;Álava;Arabako Lautada / Llanada Alavesa;Vitoria-Gasteiz;568.000000;42.846700;-2.672700
Euphydryas aurinia (Rottemburg, 1775);1981.000000;5.000000;15.000000;Álava;Arabako Lautada / Llanada Alavesa;Vitoria-Gasteiz;568.000000;42.846700;-2.672700
Phengaris arion (Linnaeus, 1758);2015.000000;7.000000;4.000000;Álava;Arabako Mendialdea / Montaña Alavesa;Arraia-Maeztu;;42.757500;-2.454700
Phengaris arion (Linnaeus, 1758);1979.000000;7.000000;15.000000;Álava;Añana;Valdegovía/Gaubea;650.000000;42.848100;-3.098600
Euplagia quadripunctaria (Poda, 1761);2001.000000;8.000000;17.000000;Álava;Arabako Lautada / Llanada Alavesa;Vitoria-Gasteiz;590.000000;42.846700;-2.672700
Euplagia quadripunctaria (Poda, 1761);1991.000000;8.000000;19.000000;Álava;Arabako Mendialdea / Montaña Alavesa;Arraia-Maeztu;793.000000;42.757500;-2.454700
Euplagia quadripunctaria (Poda, 1761);1982.000000;8.000000;10.000000;Álava;Arabako Lautada / Llanada Alavesa;Vitoria-Gasteiz;550.000000;42.846700;-2.672700
Euplagia quadripunctaria (Poda, 1761);1984.000000;8.000000;30.000000;Bizkaia;Enkartazioak / Encartaciones;Artzentales;400.000000;43.240600;-3.241700
Euplagia quadripunctaria (Poda, 1761);1974.000000;7.000000;30.000000;Álava;Arabako Mendialdea / Montaña Alavesa;Arraia-Maeztu;750.000000;42.757500;-2.454700
Euplagia quadripunctaria (Poda, 1761);1974.000000;8.000000;10.000000;Álava;Arabako Mendialdea / Montaña Alavesa;Arraia-Maeztu;750.000000;42.757500;-2.454700
Euphydryas aurinia (Rottemburg, 1775);1980.000000;5.000000;27.000000;Álava;Añana;Kuartango;631.000000;42.871400;-2.885600
Euphydryas aurinia (Rottemburg, 1775);1980.000000;6.000000;24.000000;Álava;Gorbeialdea / Estribaciones del Gorbea;Legutio;529.000000;42.978600;-2.642500
Euphydryas aurinia (Rottemburg, 1775);1986.000000;7.000000;20.000000;Álava;Arabako Lautada / Llanada Alavesa;Vitoria-Gasteiz;550.000000;42.846700;-2.672700
Euplagia quadripunctaria (Poda, 1761);1974.000000;8.000000;20.000000;Álava;Arabako Lautada / Llanada Alavesa;Vitoria-Gasteiz;510.000000;42.846700;-2.672700
Euplagia quadripunctaria (Poda, 1761);1974.000000;9.000000;30.000000;Bizkaia;Enkartazioak / Encartaciones;Zalla;145.000000;43.214200;-3.131700
Euplagia quadripunctaria (Poda, 1761);1974.000000;8.000000;30.000000;Gipuzkoa;Donostialdea;Donostia/San Sebastián;150.000000;43.318300;-1.981100
Euplagia quadripunctaria (Poda, 1761);1974.000000;7.000000;10.000000;Bizkaia;Arratia-Nerbioi / Arratia-Nervión;Arantzazu;750.000000;43.001000;-2.398000
Euplagia quadripunctaria (Poda, 1761);1974.000000;8.000000;30.000000;Gipuzkoa;Donostialdea;Astigarraga;25.000000;43.280800;-1.947800
Euplagia quadripunctaria (Poda, 1761);1974.000000;7.000000;20.000000;Gipuzkoa;Donostialdea;Donostia/San Sebastián;15.000000;43.318300;-1.981100
Euplagia quadripunctaria (Poda, 1761);1974.000000;8.000000;20.000000;Gipuzkoa;Donostialdea;Donostia/San Sebastián;15.000000;43.318300;-1.981100
Euplagia quadripunctaria (Poda, 1761);1974.000000;8.000000;30.000000;Gipuzkoa;Donostialdea;Donostia/San Sebastián;15.000000;43.318300;-1.981100
Euplagia quadripunctaria (Poda, 1761);1974.000000;7.000000;20.000000;Gipuzkoa;Tolosaldea;Berastegi;400.000000;43.123600;-1.978600
Euplagia quadripunctaria (Poda, 1761);1974.000000;7.000000;10.000000;Gipuzkoa;Donostialdea;Donostia/San Sebastián;30.000000;43.318300;-1.981100
Euplagia quadripunctaria (Poda, 1761);1974.000000;8.000000;20.000000;Gipuzkoa;Donostialdea;Donostia/San Sebastián;50.000000;43.318300;-1.981100
Euplagia quadripunctaria (Poda, 1761);1974.000000;7.000000;10.000000;Gipuzkoa;Donostialdea;Donostia/San Sebastián;300.000000;43.318300;-1.981100
Euplagia quadripunctaria (Poda, 1761);1974.000000;7.000000;30.000000;Gipuzkoa;Donostialdea;Donostia/San Sebastián;300.000000;43.318300;-1.981100
Euplagia quadripunctaria (Poda, 1761);1974.000000;8.000000;20.000000;Gipuzkoa;Donostialdea;Donostia/San Sebastián;300.000000;43.318300;-1.981100
Euplagia quadripunctaria (Poda, 1761);1974.000000;8.000000;30.000000;Gipuzkoa;Donostialdea;Donostia/San Sebastián;300.000000;43.318300;-1.981100
Euplagia quadripunctaria (Poda, 1761);1974.000000;7.000000;20.000000;Gipuzkoa;Donostialdea;Urnieta;200.000000;43.246700;-1.990800
Euplagia quadripunctaria (Poda, 1761);1974.000000;8.000000;10.000000;Gipuzkoa;Urola Kosta;Zarautz;15.000000;43.280400;-2.171500
Euplagia quadripunctaria (Poda, 1761);1988.000000;7.000000;30.000000;Álava;Arabako Mendialdea / Montaña Alavesa;Arraia-Maeztu;750.000000;42.757500;-2.454700
Euphydryas aurinia (Rottemburg, 1775);1983.000000;6.000000;20.000000;Bizkaia;Gernika-Bermeo;Mundaka;50.000000;43.408300;-2.696700
Euphydryas aurinia (Rottemburg, 1775);1983.000000;6.000000;30.000000;Bizkaia;Arratia-Nerbioi / Arratia-Nervión;Igorre;100.000000;43.165800;-2.776700
Euphydryas aurinia (Rottemburg, 1775);1983.000000;6.000000;10.000000;Bizkaia;Plentzia-Mungia;Mungia;100.000000;43.354200;-2.846700
Euphydryas aurinia (Rottemburg, 1775);1983.000000;6.000000;20.000000;Bizkaia;Bilbo Handia / Gran Bilbao;Larrabetzu;100.000000;43.260800;-2.796700
Euphydryas aurinia (Rottemburg, 1775);1983.000000;5.000000;20.000000;Bizkaia;Gernika-Bermeo;Gernika-Lumo;150.000000;43.316700;-2.683300
Euphydryas aurinia (Rottemburg, 1775);1983.000000;6.000000;10.000000;Bizkaia;Plentzia-Mungia;Fruiz;150.000000;43.328600;-2.783300
Euphydryas aurinia (Rottemburg, 1775);1983.000000;5.000000;10.000000;Bizkaia;Markina-Ondarroa;Aulesti;150.000000;43.295800;-2.563300
Euplagia quadripunctaria (Poda, 1761);1988.000000;8.000000;20.000000;Álava;Arabako Mendialdea / Montaña Alavesa;Arraia-Maeztu;750.000000;42.757500;-2.454700
Euplagia quadripunctaria (Poda, 1761);1988.000000;8.000000;30.000000;Álava;Arabako Mendialdea / Montaña Alavesa;Arraia-Maeztu;750.000000;42.757500;-2.454700
Euplagia quadripunctaria (Poda, 1761);1988.000000;9.000000;10.000000;Álava;Arabako Lautada / Llanada Alavesa;Iruña Oka/Iruña de Oca;500.000000;42.813900;-2.803600
Euplagia quadripunctaria (Poda, 1761);1988.000000;8.000000;30.000000;Bizkaia;Enkartazioak / Encartaciones;Artzentales;400.000000;43.240600;-3.241700
Euplagia quadripunctaria (Poda, 1761);1988.000000;8.000000;20.000000;Bizkaia;Arratia-Nerbioi / Arratia-Nervión;Orozko;180.000000;43.166700;-2.916700
Euplagia quadripunctaria (Poda, 1761);1988.000000;9.000000;30.000000;Bizkaia;Enkartazioak / Encartaciones;Zalla;145.000000;43.214200;-3.131700
Euplagia quadripunctaria (Poda, 1761);1988.000000;8.000000;3.000000;Gipuzkoa;Donostialdea;Donostia/San Sebastián;150.000000;43.318300;-1.981100
Euplagia quadripunctaria (Poda, 1761);1988.000000;8.000000;30.000000;Gipuzkoa;Donostialdea;Astigarraga;150.000000;43.280800;-1.947800
Euplagia quadripunctaria (Poda, 1761);1988.000000;8.000000;10.000000;Gipuzkoa;Donostialdea;Donostia/San Sebastián;20.000000;43.318300;-1.981100
Euplagia quadripunctaria (Poda, 1761);1988.000000;8.000000;30.000000;Gipuzkoa;Donostialdea;Donostia/San Sebastián;20.000000;43.318300;-1.981100
Euplagia quadripunctaria (Poda, 1761);1988.000000;8.000000;30.000000;Gipuzkoa;Tolosaldea;Berastegi;400.000000;43.123600;-1.978600
Euplagia quadripunctaria (Poda, 1761);1988.000000;8.000000;20.000000;Gipuzkoa;Donostialdea;Donostia/San Sebastián;50.000000;43.318300;-1.981100
Euplagia quadripunctaria (Poda, 1761);1988.000000;8.000000;20.000000;Gipuzkoa;Donostialdea;Oiartzun;82.000000;43.299200;-1.858300
Euplagia quadripunctaria (Poda, 1761);1988.000000;8.000000;30.000000;Gipuzkoa;Donostialdea;Oiartzun;82.000000;43.299200;-1.858300
Euplagia quadripunctaria (Poda, 1761);1988.000000;7.000000;10.000000;Gipuzkoa;Donostialdea;Donostia/San Sebastián;300.000000;43.318300;-1.981100
Euplagia quadripunctaria (Poda, 1761);1988.000000;7.000000;20.000000;Gipuzkoa;Donostialdea;Urnieta;200.000000;43.246700;-1.990800
Euphydryas aurinia (Rottemburg, 1775);1983.000000;6.000000;10.000000;Gipuzkoa;Debagoiena / Alto Deba;Aretxabaleta;300.000000;43.036100;-2.505600
Euphydryas aurinia (Rottemburg, 1775);1983.000000;6.000000;10.000000;Gipuzkoa;Debagoiena / Alto Deba;Aretxabaleta;300.000000;43.036100;-2.505600
Euphydryas aurinia (Rottemburg, 1775);1983.000000;6.000000;10.000000;Álava;Añana;Erriberagoitia/Ribera Alta;550.000000;42.828100;-2.416700
Euplagia quadripunctaria (Poda, 1761);1987.000000;8.000000;10.000000;Álava;Arabako Mendialdea / Montaña Alavesa;Arraia-Maeztu;750.000000;42.757500;-2.454700
Euplagia quadripunctaria (Poda, 1761);1987.000000;8.000000;30.000000;Álava;Arabako Mendialdea / Montaña Alavesa;Arraia-Maeztu;750.000000;42.757500;-2.454700
Euplagia quadripunctaria (Poda, 1761);1987.000000;8.000000;20.000000;Álava;Arabako Lautada / Llanada Alavesa;Vitoria-Gasteiz;510.000000;42.846700;-2.672700
Euplagia quadripunctaria (Poda, 1761);1987.000000;8.000000;20.000000;Bizkaia;Enkartazioak / Encartaciones;Karrantza Harana/Valle de Carranza;350.000000;43.225000;-3.366700
Euplagia quadripunctaria (Poda, 1761);1987.000000;8.000000;20.000000;Bizkaia;Bilbo Handia / Gran Bilbao;Muskiz;100.000000;43.316700;-3.116700
Euplagia quadripunctaria (Poda, 1761);1987.000000;7.000000;20.000000;Bizkaia;Arratia-Nerbioi / Arratia-Nervión;Urduña/Orduña;230.000000;43.046700;-3.008600
Euplagia quadripunctaria (Poda, 1761);1987.000000;9.000000;30.000000;Bizkaia;Enkartazioak / Encartaciones;Zalla;145.000000;43.214200;-3.131700
Euplagia quadripunctaria (Poda, 1761);1987.000000;9.000000;10.000000;Gipuzkoa;Donostialdea;Astigarraga;50.000000;43.280800;-1.947800
Euplagia quadripunctaria (Poda, 1761);1987.000000;8.000000;10.000000;Gipuzkoa;Donostialdea;Donostia/San Sebastián;20.000000;43.318300;-1.981100
Euplagia quadripunctaria (Poda, 1761);1987.000000;8.000000;20.000000;Gipuzkoa;Donostialdea;Donostia/San Sebastián;20.000000;43.318300;-1.981100
Euplagia quadripunctaria (Poda, 1761);1987.000000;9.000000;10.000000;Gipuzkoa;Urola Kosta;Azpeitia;84.000000;43.183300;-2.266700
Euplagia quadripunctaria (Poda, 1761);1987.000000;9.000000;10.000000;Gipuzkoa;Urola Kosta;Azpeitia;84.000000;43.183300;-2.266700
Euplagia quadripunctaria (Poda, 1761);1987.000000;7.000000;20.000000;Gipuzkoa;Tolosaldea;Berastegi;400.000000;43.123600;-1.978600
Euplagia quadripunctaria (Poda, 1761);2015.000000;8.000000;16.000000;Bizkaia;Enkartazioak / Encartaciones;Gordexola;223.000000;43.180600;-3.073600
Euplagia quadripunctaria (Poda, 1761);2016.000000;8.000000;8.000000;Bizkaia;Enkartazioak / Encartaciones;Gordexola;336.000000;43.180600;-3.073600
Euplagia quadripunctaria (Poda, 1761);1973.000000;8.000000;20.000000;Álava;Añana;Valdegovía/Gaubea;691.000000;42.848100;-3.098600
Euplagia quadripunctaria (Poda, 1761);1991.000000;9.000000;7.000000;Álava;Arabako Lautada / Llanada Alavesa;Vitoria-Gasteiz;527.000000;42.846700;-2.672700
Euplagia quadripunctaria (Poda, 1761);1992.000000;4.000000;27.000000;Álava;Arabako Lautada / Llanada Alavesa;Vitoria-Gasteiz;527.000000;42.846700;-2.672700
Euplagia quadripunctaria (Poda, 1761);1976.000000;8.000000;10.000000;Álava;Arabako Lautada / Llanada Alavesa;Asparrena;574.000000;42.895800;-2.321900
Euphydryas aurinia (Rottemburg, 1775);1983.000000;6.000000;10.000000;Álava;Arabako Lautada / Llanada Alavesa;Vitoria-Gasteiz;500.000000;42.846700;-2.672700
Euphydryas aurinia (Rottemburg, 1775);1983.000000;5.000000;30.000000;Gipuzkoa;Tolosaldea;Alkiza;600.000000;43.172200;-2.108300
Euphydryas aurinia (Rottemburg, 1775);1983.000000;7.000000;10.000000;Álava;Arabako Lautada / Llanada Alavesa;Asparrena;605.000000;42.895800;-2.321900
Euphydryas aurinia (Rottemburg, 1775);1983.000000;7.000000;30.000000;Álava;Arabako Mendialdea / Montaña Alavesa;Arraia-Maeztu;750.000000;42.757500;-2.454700
Euphydryas aurinia (Rottemburg, 1775);2016.000000;5.000000;25.000000;Bizkaia;Arratia-Nerbioi / Arratia-Nervión;Urduña/Orduña;560.000000;43.046700;-3.008600
Euphydryas aurinia (Rottemburg, 1775);2016.000000;6.000000;1.000000;Bizkaia;Arratia-Nerbioi / Arratia-Nervión;Orozko;710.000000;43.166700;-2.916700
Euphydryas aurinia (Rottemburg, 1775);1976.000000;5.000000;30.000000;Álava;Arabako Lautada / Llanada Alavesa;Alegría-Dulantzi;567.000000;42.840100;-2.512700
Euphydryas aurinia (Rottemburg, 1775);1975.000000;6.000000;5.000000;Álava;Añana;Kuartango;606.000000;42.871400;-2.885600
Euplagia quadripunctaria (Poda, 1761);2016.000000;8.000000;15.000000;Bizkaia;Arratia-Nerbioi / Arratia-Nervión;Ubide;618.000000;43.027800;-2.686100
Euphydryas aurinia (Rottemburg, 1775);1998.000000;6.000000;17.000000;Álava;Arabako Mendialdea / Montaña Alavesa;Arraia-Maeztu;735.000000;42.757500;-2.454700
Euphydryas aurinia (Rottemburg, 1775);1976.000000;6.000000;13.000000;Álava;Gorbeialdea / Estribaciones del Gorbea;Zuia;627.000000;42.981900;-2.843000
Euphydryas aurinia (Rottemburg, 1775);1978.000000;7.000000;2.000000;Álava;Gorbeialdea / Estribaciones del Gorbea;Zigoitia;550.000000;42.967800;-2.717800
Euphydryas aurinia (Rottemburg, 1775);1976.000000;6.000000;19.000000;Álava;Arabako Lautada / Llanada Alavesa;Vitoria-Gasteiz;515.000000;42.846700;-2.672700
Euphydryas aurinia (Rottemburg, 1775);1975.000000;6.000000;5.000000;Álava;Arabako Lautada / Llanada Alavesa;Vitoria-Gasteiz;560.000000;42.846700;-2.672700
Euphydryas aurinia (Rottemburg, 1775);1976.000000;6.000000;5.000000;Álava;Arabako Lautada / Llanada Alavesa;Vitoria-Gasteiz;560.000000;42.846700;-2.672700
Euphydryas aurinia (Rottemburg, 1775);1976.000000;6.000000;9.000000;Álava;Arabako Lautada / Llanada Alavesa;Vitoria-Gasteiz;560.000000;42.846700;-2.672700
Euphydryas aurinia (Rottemburg, 1775);1981.000000;5.000000;30.000000;Álava;Arabako Lautada / Llanada Alavesa;Vitoria-Gasteiz;560.000000;42.846700;-2.672700
Euphydryas aurinia (Rottemburg, 1775);1982.000000;5.000000;30.000000;Álava;Arabako Lautada / Llanada Alavesa;Vitoria-Gasteiz;560.000000;42.846700;-2.672700
Euphydryas aurinia (Rottemburg, 1775);1982.000000;8.000000;23.000000;Álava;Arabako Lautada / Llanada Alavesa;Vitoria-Gasteiz;560.000000;42.846700;-2.672700
Euphydryas aurinia (Rottemburg, 1775);1987.000000;5.000000;30.000000;Álava;Arabako Lautada / Llanada Alavesa;Vitoria-Gasteiz;560.000000;42.846700;-2.672700
Euphydryas aurinia (Rottemburg, 1775);1976.000000;6.000000;6.000000;Álava;Arabako Lautada / Llanada Alavesa;Asparrena;638.000000;42.895800;-2.321900
Euphydryas aurinia (Rottemburg, 1775);1978.000000;6.000000;5.000000;Álava;Añana;Erriberagoitia/Ribera Alta;770.000000;42.828100;-2.416700
Euphydryas aurinia (Rottemburg, 1775);1980.000000;6.000000;10.000000;Álava;Arabako Lautada / Llanada Alavesa;Elburgo/Burgelu;558.000000;42.849700;-2.545600
Euphydryas aurinia (Rottemburg, 1775);1975.000000;5.000000;18.000000;Álava;Arabako Errioxa / Rioja Alavesa;Baños de Ebro/Mañueta;425.000000;42.530600;-2.683300
Euphydryas aurinia (Rottemburg, 1775);1977.000000;8.000000;19.000000;Álava;Arabako Errioxa / Rioja Alavesa;Baños de Ebro/Mañueta;425.000000;42.530600;-2.683300
Euphydryas aurinia (Rottemburg, 1775);1981.000000;5.000000;24.000000;Álava;Arabako Errioxa / Rioja Alavesa;Baños de Ebro/Mañueta;425.000000;42.530600;-2.683300
Euphydryas aurinia (Rottemburg, 1775);1981.000000;5.000000;31.000000;Álava;Arabako Errioxa / Rioja Alavesa;Baños de Ebro/Mañueta;425.000000;42.530600;-2.683300
Euphydryas aurinia (Rottemburg, 1775);1982.000000;5.000000;30.000000;Álava;Arabako Errioxa / Rioja Alavesa;Baños de Ebro/Mañueta;425.000000;42.530600;-2.683300
Lopinga achine (Scopoli, 1763);2011.000000;6.000000;20.000000;Bizkaia;Arratia-Nerbioi / Arratia-Nervión;Urduña/Orduña;860.000000;43.046700;-3.008600
Lopinga achine (Scopoli, 1763);2011.000000;7.000000;2.000000;Bizkaia;Arratia-Nerbioi / Arratia-Nervión;Urduña/Orduña;860.000000;43.046700;-3.008600
Lopinga achine (Scopoli, 1763);2008.000000;7.000000;8.000000;Álava;Arabako Kantaurialdea / Cantábrica Alavesa;Ayala/Aiara;790.000000;43.050000;-3.066700
Lopinga achine (Scopoli, 1763);2012.000000;7.000000;19.000000;Bizkaia;Arratia-Nerbioi / Arratia-Nervión;Urduña/Orduña;860.000000;43.046700;-3.008600
Lopinga achine (Scopoli, 1763);2014.000000;7.000000;13.000000;Bizkaia;Arratia-Nerbioi / Arratia-Nervión;Urduña/Orduña;807.000000;43.046700;-3.008600
Parnassius apollo (Linnaeus, 1758);1967.000000;7.000000;25.000000;Álava;Arabako Mendialdea / Montaña Alavesa;Arraia-Maeztu;1055.000000;42.757500;-2.454700
Parnassius apollo (Linnaeus, 1758);2015.000000;7.000000;12.000000;Gipuzkoa;Debagoiena / Alto Deba;Oñati;1254.000000;43.032600;-2.411100
Eriogaster catax Linnaeus, 1758;2018.000000;5.000000;2.000000;Álava;Arabako Lautada / Llanada Alavesa;Vitoria-Gasteiz;552.000000;42.846700;-2.672700
Eriogaster catax Linnaeus, 1758;2018.000000;4.000000;21.000000;Álava;Arabako Lautada / Llanada Alavesa;Vitoria-Gasteiz;588.000000;42.846700;-2.672700
Euphydryas aurinia (Rottemburg, 1775);1987.000000;5.000000;10.000000;Álava;Arabako Lautada / Llanada Alavesa;Barrundia;564.000000;42.916700;-2.491700
Euphydryas aurinia (Rottemburg, 1775);1974.000000;6.000000;8.000000;Álava;Añana;Erriberagoitia/Ribera Alta;537.000000;42.828100;-2.416700
Euplagia quadripunctaria (Poda, 1761);1974.000000;8.000000;20.000000;Álava;Arabako Mendialdea / Montaña Alavesa;Arraia-Maeztu;750.000000;42.757500;-2.454700
Euplagia quadripunctaria (Poda, 1761);1988.000000;7.000000;20.000000;Bizkaia;Arratia-Nerbioi / Arratia-Nervión;Urduña/Orduña;230.000000;43.046700;-3.008600
Euplagia quadripunctaria (Poda, 1761);1988.000000;8.000000;20.000000;Gipuzkoa;Donostialdea;Donostia/San Sebastián;20.000000;43.318300;-1.981100
Euphydryas aurinia (Rottemburg, 1775);1983.000000;7.000000;20.000000;Álava;Arabako Mendialdea / Montaña Alavesa;Arraia-Maeztu;750.000000;42.757500;-2.454700
Parnassius apollo (Linnaeus, 1758);2016.000000;7.000000;30.000000;Gipuzkoa;Debagoiena / Alto Deba;Oñati;1254.000000;43.032600;-2.411100
Eriogaster catax Linnaeus, 1758;2018.000000;5.000000;1.000000;Álava;Arabako Lautada / Llanada Alavesa;Asparrena;600.000000;42.895800;-2.321900
Proserpinus proserpina Pallas, 1772;2019.000000;5.000000;25.000000;Álava;Arabako Errioxa / Rioja Alavesa;Lapuebla de Labarca;;42.493100;-2.571400
Eriogaster catax Linnaeus, 1758;2019.000000;4.000000;28.000000;Álava;Arabako Mendialdea / Montaña Alavesa;Peñacerrada-Urizaharra;792.000000;42.644200;-2.713300
Eriogaster catax Linnaeus, 1758;2018.000000;4.000000;29.000000;Álava;Gorbeialdea / Estribaciones del Gorbea;Zigoitia;660.000000;42.967800;-2.717800
Euphydryas aurinia (Rottemburg, 1775);1981.000000;8.000000;6.000000;Álava;Arabako Lautada / Llanada Alavesa;Iruña Oka/Iruña de Oca;500.000000;42.813900;-2.803600
Euphydryas aurinia (Rottemburg, 1775);1983.000000;5.000000;30.000000;Álava;Arabako Lautada / Llanada Alavesa;Iruña Oka/Iruña de Oca;489.000000;42.813900;-2.803600
Euphydryas aurinia (Rottemburg, 1775);1983.000000;6.000000;20.000000;Álava;Arabako Lautada / Llanada Alavesa;Iruña Oka/Iruña de Oca;550.000000;42.813900;-2.803600
Lopinga achine (Scopoli, 1763);2011.000000;5.000000;29.000000;Bizkaia;Arratia-Nerbioi / Arratia-Nervión;Urduña/Orduña;880.000000;43.046700;-3.008600
Eriogaster catax Linnaeus, 1758;2019.000000;5.000000;4.000000;Álava;Arabako Lautada / Llanada Alavesa;San Millán/Donemiliaga;686.000000;42.873600;-2.375800
Eriogaster catax Linnaeus, 1758;2018.000000;5.000000;11.000000;Álava;Arabako Lautada / Llanada Alavesa;Vitoria-Gasteiz;753.000000;42.846700;-2.672700
Eriogaster catax Linnaeus, 1758;2018.000000;4.000000;20.000000;Álava;Gorbeialdea / Estribaciones del Gorbea;Zigoitia;660.000000;42.967800;-2.717800
Phengaris arion (Linnaeus, 1758);2000.000000;6.000000;25.000000;Álava;Arabako Mendialdea / Montaña Alavesa;Peñacerrada-Urizaharra;650.000000;42.644200;-2.713300
Eriogaster catax Linnaeus, 1758;2018.000000;5.000000;12.000000;Álava;Arabako Mendialdea / Montaña Alavesa;Campezo/Kanpezu;609.000000;42.672200;-2.366700
Eriogaster catax Linnaeus, 1758;2018.000000;5.000000;5.000000;Álava;Arabako Lautada / Llanada Alavesa;Asparrena;638.000000;42.895800;-2.321900
Phengaris arion (Linnaeus, 1758);1999.000000;7.000000;17.000000;Álava;Añana;Valdegovía/Gaubea;900.000000;42.848100;-3.098600
Euphydryas aurinia (Rottemburg, 1775);1983.000000;6.000000;10.000000;Gipuzkoa;Tolosaldea;Amezketa;200.000000;43.050000;-2.083300
Euplagia quadripunctaria (Poda, 1761);1987.000000;8.000000;10.000000;Gipuzkoa;Urola Kosta;Zarautz;15.000000;43.280400;-2.171500
Lopinga achine (Scopoli, 1763);2013.000000;7.000000;14.000000;Bizkaia;Arratia-Nerbioi / Arratia-Nervión;Urduña/Orduña;570.000000;43.046700;-3.008600
Lopinga achine (Scopoli, 1763);2013.000000;7.000000;28.000000;Bizkaia;Arratia-Nerbioi / Arratia-Nervión;Urduña/Orduña;780.000000;43.046700;-3.008600
Lopinga achine (Scopoli, 1763);2014.000000;7.000000;17.000000;Bizkaia;Arratia-Nerbioi / Arratia-Nervión;Urduña/Orduña;540.000000;43.046700;-3.008600
Parnassius apollo (Linnaeus, 1758);1973.000000;7.000000;12.000000;Álava;Arabako Mendialdea / Montaña Alavesa;Arraia-Maeztu;750.000000;42.757500;-2.454700
Eriogaster catax Linnaeus, 1758;2018.000000;5.000000;1.000000;Álava;Arabako Lautada / Llanada Alavesa;Barrundia;598.000000;42.916700;-2.491700
Eriogaster catax Linnaeus, 1758;2017.000000;4.000000;22.000000;Álava;Gorbeialdea / Estribaciones del Gorbea;Legutio;535.000000;42.978600;-2.642500
Euphydryas aurinia (Rottemburg, 1775);1975.000000;6.000000;29.000000;Álava;Arabako Lautada / Llanada Alavesa;Vitoria-Gasteiz;1000.000000;42.846700;-2.672700
Euphydryas aurinia (Rottemburg, 1775);1980.000000;6.000000;3.000000;Álava;Arabako Lautada / Llanada Alavesa;Iruña Oka/Iruña de Oca;498.000000;42.813900;-2.803600
Euphydryas aurinia (Rottemburg, 1775);1983.000000;6.000000;10.000000;Bizkaia;Plentzia-Mungia;Mungia;150.000000;43.354200;-2.846700
Parnassius apollo (Linnaeus, 1758);2015.000000;7.000000;12.000000;Gipuzkoa;Debagoiena / Alto Deba;Oñati;1254.000000;43.032600;-2.411100
Eriogaster catax Linnaeus, 1758;2018.000000;5.000000;7.000000;Álava;Arabako Lautada / Llanada Alavesa;Vitoria-Gasteiz;708.000000;42.846700;-2.672700
Euplagia quadripunctaria (Poda, 1761);1987.000000;7.000000;30.000000;Gipuzkoa;Donostialdea;Donostia/San Sebastián;300.000000;43.318300;-1.981100
Euphydryas aurinia (Rottemburg, 1775);2001.000000;5.000000;28.000000;Álava;Arabako Lautada / Llanada Alavesa;Vitoria-Gasteiz;560.000000;42.846700;-2.672700
Lopinga achine (Scopoli, 1763);2012.000000;7.000000;23.000000;Álava;Arabako Kantaurialdea / Cantábrica Alavesa;Amurrio;635.000000;43.053100;-2.998600
Lopinga achine (Scopoli, 1763);2014.000000;7.000000;13.000000;Bizkaia;Arratia-Nerbioi / Arratia-Nervión;Urduña/Orduña;794.000000;43.046700;-3.008600
Eriogaster catax Linnaeus, 1758;2018.000000;5.000000;1.000000;Álava;Arabako Lautada / Llanada Alavesa;Vitoria-Gasteiz;528.000000;42.846700;-2.672700
Euplagia quadripunctaria (Poda, 1761);1984.000000;8.000000;10.000000;Álava;Añana;Zambrana;640.000000;42.660000;-2.879200
Euplagia quadripunctaria (Poda, 1761);1974.000000;8.000000;30.000000;Gipuzkoa;Donostialdea;Oiartzun;82.000000;43.299200;-1.858300
Euplagia quadripunctaria (Poda, 1761);2011.000000;7.000000;30.000000;Bizkaia;Bilbo Handia / Gran Bilbao;Leioa;50.000000;43.326900;-2.987500
Eriogaster catax Linnaeus, 1758;2018.000000;10.000000;24.000000;Álava;Arabako Lautada / Llanada Alavesa;Vitoria-Gasteiz;;42.846700;-2.672700
Eriogaster catax Linnaeus, 1758;2019.000000;4.000000;4.000000;Álava;Arabako Lautada / Llanada Alavesa;Vitoria-Gasteiz;552.000000;42.846700;-2.672700
Eriogaster catax Linnaeus, 1758;2018.000000;5.000000;4.000000;Álava;Gorbeialdea / Estribaciones del Gorbea;Zigoitia;660.000000;42.967800;-2.717800
Euplagia quadripunctaria (Poda, 1761);1974.000000;7.000000;20.000000;Gipuzkoa;Donostialdea;Donostia/San Sebastián;300.000000;43.318300;-1.981100
Euplagia quadripunctaria (Poda, 1761);1987.000000;8.000000;20.000000;Gipuzkoa;Donostialdea;Donostia/San Sebastián;50.000000;43.318300;-1.981100
